<application>
  <component name="FileTypeManager" version="18">
    <extensionMap>
      <mapping pattern="test1" type="AUTO_DETECTED" />
      <mapping pattern="service-consumer.yml" type="AUTO_DETECTED" />
      <mapping pattern="test2" type="AUTO_DETECTED" />
      <mapping ext="space.kts" type="Kotlin" />
      <mapping ext="gradle.kts" type="Kotlin" />
      <mapping ext="main.kts" type="Kotlin" />
      <mapping ext="s" type="PLAIN_TEXT" />
      <mapping ext="cert" type="PLAIN_TEXT" />
      <mapping ext="jks" type="PLAIN_TEXT" />
      <removed_mapping ext="apk" approved="true" type="ARCHIVE" />
      <removed_mapping ext="psd" approved="true" type="Image" />
    </extensionMap>
  </component>
</application>